name,stars,forks,openIssues,pushedAt,language
.github,7,6,6,2025-07-31T08:57:33Z,
admin,5,3,2,2024-03-05T22:34:42Z,
api-error-handler,101,22,0,2025-05-14T13:22:38Z,JavaScript
badgeboard,11,7,0,2025-05-14T13:26:07Z,HTML
basic-auth-connect,135,30,4,2025-08-01T16:50:02Z,JavaScript
body-parser,5494,746,40,2025-08-04T08:36:33Z,JavaScript
codemod,10,5,6,2025-08-01T22:26:29Z,TypeScript
compression,2797,243,20,2025-08-01T09:12:41Z,JavaScript
connect-markdown,21,9,0,2025-05-14T13:27:23Z,JavaScript
connect-multiparty,349,52,0,2025-05-14T13:29:41Z,JavaScript
connect-rid,10,9,0,2025-05-14T13:30:27Z,JavaScript
cookie-parser,2008,224,24,2025-08-01T18:10:53Z,JavaScript
cookie-session,1137,215,15,2025-08-01T13:06:32Z,JavaScript
cors,6147,485,31,2025-08-01T14:46:55Z,JavaScript
csurf,2309,220,0,2025-05-14T13:34:34Z,
discussions,70,21,72,2025-08-08T14:24:40Z,
domain-middleware,103,14,0,2025-05-14T13:37:02Z,JavaScript
errorhandler,425,70,8,2025-08-01T09:18:50Z,JavaScript
express,67520,20264,195,2025-08-13T01:53:39Z,JavaScript
express-expose,299,26,0,2025-05-14T13:38:31Z,JavaScript
express-namespace,347,33,14,2025-05-14T13:41:24Z,JavaScript
express-paginate,425,83,0,2025-05-14T13:43:12Z,JavaScript
expressjs.com,5304,1842,37,2025-08-15T21:58:58Z,CSS
expressjs.github.io,18,12,0,2025-05-14T13:45:14Z,
flash,92,21,0,2025-05-14T13:47:14Z,JavaScript
generator,1845,550,71,2025-08-01T09:17:09Z,JavaScript
method-override,623,68,8,2025-08-01T11:53:08Z,JavaScript
mime-extended,8,7,0,2025-05-14T13:48:46Z,JavaScript
morgan,8096,536,32,2025-08-01T09:17:43Z,JavaScript
multer,11885,1085,250,2025-08-09T11:02:59Z,JavaScript
perf-wg,9,3,18,2025-08-15T14:14:59Z,JavaScript
response-time,493,77,4,2025-08-01T17:30:30Z,JavaScript
restful-router,86,15,0,2025-05-14T13:49:59Z,JavaScript
routification,11,7,0,2025-05-14T13:51:21Z,JavaScript
security-wg,13,6,9,2025-08-12T19:02:09Z,
serve-favicon,624,76,4,2025-08-01T10:13:55Z,JavaScript
serve-index,446,154,35,2025-08-01T09:22:43Z,JavaScript
serve-static,1415,237,21,2025-08-01T17:29:51Z,JavaScript
session,6336,994,101,2025-08-01T20:31:58Z,JavaScript
set-type,6,6,0,2025-05-14T13:53:34Z,JavaScript
statusboard,9,4,1,2025-07-12T18:20:41Z,JavaScript
timeout,319,51,17,2025-08-01T17:40:06Z,JavaScript
tooling,2,2,4,2025-01-13T08:49:49Z,JavaScript
typescript-wg,0,0,3,2025-07-14T02:07:21Z,
urlrouter,59,13,0,2025-05-14T13:54:24Z,JavaScript
vhost,765,91,12,2025-08-01T14:02:27Z,JavaScript
vhostess,26,7,0,2025-05-14T13:55:49Z,JavaScript
